{"Longitude": [-97, -95, 26, 15, -102, 138, -55, 8, 5.75, 121, -71, 10, 120, -76, 8, 10, 24, -66.5, -8, -4, 9, -84, -66, 2, -80, 77, 114.188, 133, 174, 144.78333333, 4, 105, 35.13, 57, -64, -90.25, 20, 103.8, 112.5, 122, -77.5, 100, -56], "Latitude": [38, 60, 64, 62, 23, 36, -10, 10, 52.5, 23.5, -30, 56, -5, -10, 47, 62, -29, 18.25, 53, 40, 51, 10, 8, 46, 9, 20, 22.267, -27, -41, 13.46666666, 50.83333333, 35, 31.47, 21, -34, 15.5, 52, 1.36666666, 2.5, 13, -2, 15, -33], "Revenue Values": [1913900, 140880, 44331, 21285, 50078, 42228, 48075, 10145, 19650, 13633, 6354, 24095, 10046, 9055, 26360, 13010, 26686, 18759, 17568, 21297, 33156, 14456, 30060, 31541, 15760, 15491, 22878, 26963, 19342, 6470, 27766, 14910, 7878, 8600, 9473, 7038, 10750, 6496, 9152, 6589, 8843, 9791, 9240], "Countries": ["United States", "Canada", "Finland", "Sweden", "Mexico", "Japan", "Brazil", "Nigeria", "Netherlands", "Taiwan", "Chile", "Denmark", "Indonesia", "Peru", "Switzerland", "Norway", "South Africa", "Puerto Rico", "Ireland", "Spain", "Germany", "Costa Rica", "Venezuela", "France", "Panama", "India", "Hong Kong", "Australia", "New Zealand", "Guam", "Belgium", "China", "Israel", "Oman", "Argentina", "Guatemala", "Poland", "Singapore", "Malaysia", "Philippines", "Ecuador", "Thailand", "Uruguay"], "Dictionary": {"USA": 1913900, "Canada": 140880, "Finland": 44331, "Sweden": 21285, "Mexico": 50078, "Japan": 42228, "Brazil": 48075, "Nigeria": 10145, "Korea": 18339, "Great Britain": 70973, "Netherlands": 19650, "Taiwan": 13633, "Chile": 6354, "Denmark": 24095, "Indonesia": 10046, "Peru": 9055, "Switzerland": 26360, "Norway": 13010, "South Africa": 26686, "Puerto Rico": 18759, "Ireland": 17568, "Spain": 21297, "Germany": 33156, "Costa Rica": 14456, "Venezuela": 30060, "France": 31541, "Panama": 15760, "India": 15491, "Hong Kong": 22878, "Australia": 26963, "New Zealand": 19342, "Guam": 6470, "Belgium": 27766, "Columbia": 24087, "China": 14910, "Czechoslovakia": 7324, "Israel": 7878, "Oman": 8600, "Argentina": 9473, "Guatemala": 7038, "Poland": 10750, "Singapore": 6496, "Malaysia": 9152, "Philippines": 6589, "Ecuador": 8843, "Thailand": 9791, "Uruguay": 9240}}