{"Longitude": [-97, -95, 26, 15, -102, 138, -55, 8, 5.75, 121, -71, 10, 120, -76, 8, 10, 24, -66.5, -8, -4, 9, -84, -66, 2, -80, 77, 114.188, 133, 174, 144.78333333, 4, 105, 35.13, 57, -64, -90.25, 20, 103.8, 112.5, 122, -77.5, 100, -56], "Latitude": [38, 60, 64, 62, 23, 36, -10, 10, 52.5, 23.5, -30, 56, -5, -10, 47, 62, -29, 18.25, 53, 40, 51, 10, 8, 46, 9, 20, 22.267, -27, -41, 13.46666666, 50.83333333, 35, 31.47, 21, -34, 15.5, 52, 1.36666666, 2.5, 13, -2, 15, -33], "Product Cost Values": [1596196, 114359, 36611, 17386, 42185, 34803, 39709, 8703, 16093, 11241, 5443, 20609, 9110, 7197, 21433, 10623, 21861, 15828, 15922, 17218, 27635, 12256, 24843, 26449, 12753, 13528, 19567, 22814, 16009, 5584, 22757, 12082, 6417, 6913, 7967, 5838, 8841, 5040, 7561, 5093, 7458, 7478, 8108], "Countries": ["USA", "Canada", "Finland", "Sweden", "Mexico", "Japan", "Brazil", "Nigeria", "Netherlands", "Taiwan", "Chile", "Denmark", "Indonesia", "Peru", "Switzerland", "Norway", "South Africa", "Puerto Rico", "Ireland", "Spain", "Germany", "Costa Rica", "Venezuela", "France", "Panama", "India", "Hong Kong", "Australia", "New Zealand", "Guam", "Belgium", "China", "Israel", "Oman", "Argentina", "Guatemala", "Poland", "Singapore", "Malaysia", "Philippines", "Ecuador", "Thailand", "Uruguay"], "Dictionary": {"USA": 1596196, "Canada": 114359, "Finland": 36611, "Sweden": 17386, "Mexico": 42185, "Japan": 34803, "Brazil": 39709, "Nigeria": 8703, "Korea": 15129, "Great Britain": 59525, "Netherlands": 16093, "Taiwan": 11241, "Chile": 5443, "Denmark": 20609, "Indonesia": 9110, "Peru": 7197, "Switzerland": 21433, "Norway": 10623, "South Africa": 21861, "Puerto Rico": 15828, "Ireland": 15922, "Spain": 17218, "Germany": 27635, "Costa Rica": 12256, "Venezuela": 24843, "France": 26449, "Panama": 12753, "India": 13528, "Hong Kong": 19567, "Australia": 22814, "New Zealand": 16009, "Guam": 5584, "Belgium": 22757, "Columbia": 19863, "China": 12082, "Czechoslovakia": 6220, "Israel": 6417, "Oman": 6913, "Argentina": 7967, "Guatemala": 5838, "Poland": 8841, "Singapore": 5040, "Malaysia": 7561, "Philippines": 5093, "Ecuador": 7458, "Thailand": 7478, "Uruguay": 8108}}